EMAIL,HOST,NAME
phpsyndicate100,hotmail.com,Evangelos Papakirikou
phpsyndicate200,hotmail.com,V. P.
phpsyndicate300,hotmail.com,Vaggelis Papakirikou
phpsyndicate400,gmail.com,Vag Papak
phpsyndicate500,gmail.com,Va Pap
phpsyndicate600,gmail.com,Evangelos Papakirikou
phpsyndicate700,gmail.com,V. P.
phpsyndicate800,gmail.com,Vaggelis Papakirikou
phpsyndicate900,gmail.com,Vag Papak
phpsyndicate1000,yahoo.gr,Va Pap
phpsyndicate2000,yahoo.gr,Va Pap
phpsyndicate3000,yahoo.gr,Va Pap
phpsyndicate4000,yahoo.gr,Va Pap
phpsyndicate5000,yahoo.gr,Va Pap
grigoris1557,gmail.com,Grigoris
grigoris1358,gmail.com,Greg
grigoris1315,gmail.com,Vasilis Vlahopoulos
grigoris313,gmail.com,Sonia Pouli
vaggelisantonis,yahoo.com,Spyros Rigopoulos
antonisandreas,yahoo.com,Paul Spyrakis
antonisgiorgos,yahoo.com,Anna Diamantopoulou
mitsosmichalis,hotmail.com,Archimidis Kakaroglou
mitsosgiannis,hotmail.com,Manolis Tramparifas
mitsosvaggelis,hotmail.com,Dora Dorothea